{"cameraMode":{"drawMode":0,"name":"Shaded","section":"Shading Mode"},"sceneLighting":false,"audioPlay":false,"sceneViewState":{"showFog":true,"showMaterialUpdate":false,"showSkybox":false,"showFlares":true,"showImageEffects":true,"showParticleSystems":true},"in2DMode":false,"pivot":{"x":0.6025810241699219,"y":0.3335828185081482,"z":8.512353897094727},"rotation":{"x":0.08270645141601563,"y":0.7608153223991394,"z":-0.09893262386322022,"w":0.6360300183296204},"size":7.375144958496094,"orthographic":false}