{"cameraMode":{"drawMode":0,"name":"Shaded","section":"Shading Mode"},"sceneLighting":false,"audioPlay":false,"sceneViewState":{"showFog":true,"showMaterialUpdate":false,"showSkybox":false,"showFlares":true,"showImageEffects":true,"showParticleSystems":true},"in2DMode":false,"pivot":{"x":22.63430404663086,"y":2.4511420726776125,"z":22.53080940246582},"rotation":{"x":0.15565618872642518,"y":0.4734465479850769,"z":-0.08541940152645111,"w":0.862742006778717},"size":22.0,"orthographic":false}