{"cameraMode":{"drawMode":0,"name":"Shaded","section":"Shading Mode"},"sceneLighting":false,"audioPlay":false,"sceneViewState":{"showFog":true,"showMaterialUpdate":false,"showSkybox":false,"showFlares":true,"showImageEffects":true,"showParticleSystems":true},"in2DMode":false,"pivot":{"x":0.0,"y":6.162499904632568,"z":-1.862645149230957e-9},"rotation":{"x":0.15565618872642518,"y":0.4734465479850769,"z":-0.08541940152645111,"w":0.862742006778717},"size":0.07425012439489365,"orthographic":false}