{"cameraMode":{"drawMode":0,"name":"Shaded","section":"Shading Mode"},"sceneLighting":false,"audioPlay":false,"sceneViewState":{"showFog":true,"showMaterialUpdate":false,"showSkybox":false,"showFlares":true,"showImageEffects":true,"showParticleSystems":true},"in2DMode":false,"pivot":{"x":0.17571987211704255,"y":-0.09565158188343048,"z":0.6625476479530335},"rotation":{"x":0.08270645141601563,"y":0.7608153223991394,"z":-0.09893262386322022,"w":0.6360300183296204},"size":1.1887558698654175,"orthographic":false}