{"cameraMode":{"drawMode":0,"name":"Shaded","section":"Shading Mode"},"sceneLighting":false,"audioPlay":false,"sceneViewState":{"showFog":true,"showMaterialUpdate":false,"showSkybox":false,"showFlares":true,"showImageEffects":true,"showParticleSystems":true},"in2DMode":false,"pivot":{"x":-1.5000003576278687,"y":3.375000476837158,"z":1.500000238418579},"rotation":{"x":0.08270645141601563,"y":0.7608153223991394,"z":-0.09893262386322022,"w":0.6360300183296204},"size":7.1088995933532719,"orthographic":false}