{"cameraMode":{"drawMode":0,"name":"Shaded","section":"Shading Mode"},"sceneLighting":false,"audioPlay":false,"sceneViewState":{"showFog":true,"showMaterialUpdate":false,"showSkybox":false,"showFlares":true,"showImageEffects":true,"showParticleSystems":true},"in2DMode":false,"pivot":{"x":0.00013466179370880127,"y":0.03617685288190842,"z":0.037743937224149707},"rotation":{"x":-0.11090344935655594,"y":-0.23097793757915498,"z":0.026756301522254945,"w":-0.9664788842201233},"size":0.5197848081588745,"orthographic":false}