{"cameraMode":{"drawMode":0,"name":"Shaded","section":"Shading Mode"},"sceneLighting":false,"audioPlay":false,"sceneViewState":{"showFog":true,"showMaterialUpdate":false,"showSkybox":false,"showFlares":true,"showImageEffects":true,"showParticleSystems":true},"in2DMode":false,"pivot":{"x":-0.07654139399528504,"y":0.08434716612100601,"z":0.21345162391662599},"rotation":{"x":0.03863478824496269,"y":0.18011625111103059,"z":-0.007236158009618521,"w":0.9830751419067383},"size":0.7571691870689392,"orthographic":false}