{"cameraMode":{"drawMode":0,"name":"Shaded","section":"Shading Mode"},"sceneLighting":true,"audioPlay":false,"sceneViewState":{"showFog":true,"showMaterialUpdate":false,"showSkybox":true,"showFlares":true,"showImageEffects":true,"showParticleSystems":true},"in2DMode":false,"pivot":{"x":-5.86386775970459,"y":6.799012660980225,"z":-14.236993789672852},"rotation":{"x":0.15483376383781434,"y":0.8265294432640076,"z":-0.2753293514251709,"w":0.46638765931129458},"size":2.6783339977264406,"orthographic":false}