{"cameraMode":{"drawMode":0,"name":"Shaded","section":"Shading Mode"},"sceneLighting":false,"audioPlay":false,"sceneViewState":{"showFog":true,"showMaterialUpdate":false,"showSkybox":false,"showFlares":true,"showImageEffects":true,"showParticleSystems":true},"in2DMode":false,"pivot":{"x":0.7278327345848084,"y":-0.27297693490982058,"z":0.8605970740318298},"rotation":{"x":0.11486606299877167,"y":0.382742315530777,"z":-0.04799659177660942,"w":0.9154666066169739},"size":2.3887557983398439,"orthographic":false}