{"cameraMode":{"drawMode":0,"name":"Shaded","section":"Shading Mode"},"sceneLighting":false,"audioPlay":false,"sceneViewState":{"showFog":true,"showMaterialUpdate":false,"showSkybox":false,"showFlares":true,"showImageEffects":true,"showParticleSystems":true},"in2DMode":false,"pivot":{"x":1028.558837890625,"y":2299.321044921875,"z":0.0},"rotation":{"x":-0.015305385924875737,"y":-0.02640426717698574,"z":0.00036879139952361584,"w":-0.9995697140693665},"size":736.0767211914063,"orthographic":false}