{"cameraMode":{"drawMode":0,"name":"Shaded","section":"Shading Mode"},"sceneLighting":false,"audioPlay":false,"sceneViewState":{"showFog":false,"showMaterialUpdate":false,"showSkybox":false,"showFlares":false,"showImageEffects":false,"showParticleSystems":false},"in2DMode":false,"pivot":{"x":27.081697463989259,"y":20.441890716552736,"z":23.900367736816408},"rotation":{"x":-0.021491827443242074,"y":0.9605932831764221,"z":-0.2661753296852112,"w":-0.07769753783941269},"size":4.233204364776611,"orthographic":false}