{"cameraMode":{"drawMode":0,"name":"Shaded","section":"Shading Mode"},"sceneLighting":false,"audioPlay":false,"sceneViewState":{"showFog":true,"showMaterialUpdate":false,"showSkybox":false,"showFlares":true,"showImageEffects":true,"showParticleSystems":true},"in2DMode":false,"pivot":{"x":10.9399995803833,"y":1.5900001525878907,"z":-8.449999809265137},"rotation":{"x":-0.09396495670080185,"y":0.8914592862129211,"z":-0.21554535627365113,"w":-0.38785508275032046},"size":8.113194465637207,"orthographic":false}