{"cameraMode":{"drawMode":0,"name":"Shaded","section":"Shading Mode"},"sceneLighting":false,"audioPlay":false,"sceneViewState":{"showFog":true,"showMaterialUpdate":false,"showSkybox":false,"showFlares":true,"showImageEffects":true,"showParticleSystems":true},"in2DMode":false,"pivot":{"x":-0.27696871757507326,"y":0.07739070057868958,"z":0.05782163143157959},"rotation":{"x":-0.11090344935655594,"y":-0.23097793757915498,"z":0.026756301522254945,"w":-0.9664788842201233},"size":1.1255671977996827,"orthographic":false}